{
  "oldParams": true,
  "wave_type": 3,
  "p_env_attack": 0,
  "p_env_sustain": 0.53,
  "p_env_punch": 0.335,
  "p_env_decay": 0.105,
  "p_base_freq": 0.265,
  "p_freq_limit": 0,
  "p_freq_ramp": 0.03,
  "p_freq_dramp": -0.26,
  "p_vib_strength": 0.042395152498868674,
  "p_vib_speed": -0.6641285245145345,
  "p_arp_mod": 0.5973316446785257,
  "p_arp_speed": -0.7922351034070849,
  "p_duty": -0.5762972767999337,
  "p_duty_ramp": 0.3063847622638328,
  "p_repeat_speed": 0.3331491035048588,
  "p_pha_offset": -0.01,
  "p_pha_ramp": -0.17,
  "p_lpf_freq": 0.15,
  "p_lpf_ramp": -0.16332004648179713,
  "p_lpf_resonance": 0.4460773443119539,
  "p_hpf_freq": 0.005,
  "p_hpf_ramp": -0.16179870535701793,
  "sound_vol": 0.25,
  "sample_rate": 44100,
  "sample_size": 8
}